City,Season,Year,Modis AOD,Insat AOD,BLH,PM2p5
Bihar_Patna,Winter,2015,1.0420000494923445,0.25022343,974.9108,
Bihar_Patna,Winter,2016,1.2506667260701458,0.1851591,1250.5979,166.8703806584362
Bihar_Patna,Winter,2017,0.8013333713946243,0.16802152,1112.572,153.33454656862745
Bihar_Patna,Winter,2018,0.9913333804191402,0.82101226,1125.346,162.4607843137255
Bihar_Patna,Winter,2019,0.8443333734370148,0.73303264,1129.2333,144.4683908045977
Bihar_Patna,Winter,2020,1.0636667171881224,0.7611232,1060.4095,139.4672619047619
Bihar_Patna,Winter,2021,1.2510000594193116,1.5498381,1149.9054,155.92777777777778
Bihar_Patna,Pre-Monsoon,2015,0.5320000252686441,0.20820446,1832.6648,
Bihar_Patna,Pre-Monsoon,2016,0.6336666967642183,0.29442444,2319.5417,61.3928373015873
Bihar_Patna,Pre-Monsoon,2017,0.5756666940093661,0.23787896,1954.8745,89.16176470588235
Bihar_Patna,Pre-Monsoon,2018,0.7863333706821626,1.1027794,2066.9734,75.5
Bihar_Patna,Pre-Monsoon,2019,0.5120000243186951,1.5306939,2117.4226,48.38369963369964
Bihar_Patna,Pre-Monsoon,2020,0.4196666865997637,1.0429682,1631.9032,47.94285714285714
Bihar_Patna,Pre-Monsoon,2021,0.8723333747669434,3.4360971,1918.3224,54.790983606557376
Bihar_Patna,Monsoon,2015,0.5050000239862129,0.2719058,1132.1073,
Bihar_Patna,Monsoon,2016,0.6056666954342896,0.25289065,1008.4236,43.28194444444445
Bihar_Patna,Monsoon,2017,0.6266666964317361,0.90964043,1006.15234,42.5
Bihar_Patna,Monsoon,2018,0.8990000427002087,1.6086079,1190.129,52.988700564971744
Bihar_Patna,Monsoon,2019,0.7610000361455604,2.3425841,1162.7332,40.49081920903954
Bihar_Patna,Monsoon,2020,0.6590000313008204,2.229816,899.6125,40.09139784946237
Bihar_Patna,Monsoon,2021,0.492000023368746,3.2231584,948.99976,37.78472222222222
Bihar_Patna,Post-Monsoon,2015,0.7775000369292684,0.18608747,1448.395,106.22288043478262
Bihar_Patna,Post-Monsoon,2016,0.7310000347206369,0.17268628,1257.7122,127.79861111111111
Bihar_Patna,Post-Monsoon,2017,0.7195000341744162,0.59840447,1219.3834,130.84649122807016
Bihar_Patna,Post-Monsoon,2018,0.712500033841934,0.45574337,1418.5682,103.55464480874316
Bihar_Patna,Post-Monsoon,2019,0.9280000440776348,0.8027319,1165.2688,118.27976190476193
Bihar_Patna,Post-Monsoon,2020,0.6715000318945386,0.6747172,1112.268,84.82786885245902
Bihar_Patna,Post-Monsoon,2021,0.6830000324407592,2.3879175,1180.902,162.69444444444446
Delhi,Winter,2015,0.772666703366364,0.20567463,884.82623,327.5056179775281
Delhi,Winter,2016,0.8846667086860786,0.18045492,1013.8488,149.6757728937729
Delhi,Winter,2017,0.5843333610876774,0.1629069,935.095,124.88425542328044
Delhi,Winter,2018,0.6493333641750118,0.906625,825.95984,152.10601931216934
Delhi,Winter,2019,0.647000030730851,1.1262294,948.45667,132.77810833333336
Delhi,Winter,2020,0.7963333711571371,0.8683133,869.94653,128.10705873888017
Delhi,Winter,2021,0.6406666970967004,2.0621023,876.31354,136.24765985449736
Delhi,Pre-Monsoon,2015,0.4943333568129067,0.24653764,2010.9913,118.7212427536232
Delhi,Pre-Monsoon,2016,0.5790000275010243,0.2895287,2168.789,88.68166032608696
Delhi,Pre-Monsoon,2017,0.5386666922519604,0.21312357,2248.6528,79.02400608178054
Delhi,Pre-Monsoon,2018,0.6200000294484198,1.2911412,2098.321,72.17155085403728
Delhi,Pre-Monsoon,2019,0.4870000231312588,2.0588052,2256.953,69.68897580227743
Delhi,Pre-Monsoon,2020,0.4850000230362639,1.5187575,1746.6775,36.67064266304348
Delhi,Pre-Monsoon,2021,0.6020000285934657,4.200972,2047.0586,64.30153610248448
Delhi,Monsoon,2015,0.8305000394466333,0.21378788,1389.2485,73.38466092896175
Delhi,Monsoon,2016,0.8370000397553667,0.25515497,1205.5105,61.72505199724517
Delhi,Monsoon,2017,0.7642500362999272,1.0037593,1265.9299,50.514528639734586
Delhi,Monsoon,2018,1.0595000503235497,1.5362915,1181.9196,56.819536836455896
Delhi,Monsoon,2019,0.9756667130083466,2.8127904,1333.1422,49.06159055425449
Delhi,Monsoon,2020,0.8723333747669434,2.7543597,1299.4208,36.92182572209212
Delhi,Monsoon,2021,0.942333378091765,4.3781257,1298.145,43.28849936572991
Delhi,Post-Monsoon,2015,0.9005000427714549,0.16141418,1435.3717,127.76275956284154
Delhi,Post-Monsoon,2016,0.9235000438638964,0.15020245,1383.2168,148.81374970725992
Delhi,Post-Monsoon,2017,0.9920000471174716,0.80079377,1251.82,178.04562743950038
Delhi,Post-Monsoon,2018,0.7875000374042429,0.7503755,1237.1979,116.83971057767369
Delhi,Post-Monsoon,2019,1.0910000518197194,1.5196271,1298.9287,135.55445823575332
Delhi,Post-Monsoon,2020,0.8150000387104228,1.2500467,1406.1652,115.88806869633096
Delhi,Post-Monsoon,2021,0.7230000343406573,3.2255774,1057.4137,119.46615290788448
Gujarat_Ahmedabad,Winter,2015,0.2720000129193067,0.20567463,1213.0819,64.7437962962963
Gujarat_Ahmedabad,Winter,2016,0.2763333464584623,0.18045492,1250.9775,
Gujarat_Ahmedabad,Winter,2017,0.2693333461259802,0.1629069,1155.4454,91.5509939759036
Gujarat_Ahmedabad,Winter,2018,0.3476666831799472,0.906625,1178.0759,69.51279411764706
Gujarat_Ahmedabad,Winter,2019,0.3233333486908425,1.1262294,1343.4901,70.88730555555556
Gujarat_Ahmedabad,Winter,2020,0.3600000170990824,0.8683133,1204.9406,48.86873456790124
Gujarat_Ahmedabad,Winter,2021,0.328000015579164,2.0621023,1123.2273,52.45864457831324
Gujarat_Ahmedabad,Pre-Monsoon,2015,0.3693333508757253,0.24653764,1807.8551,84.85623015873016
Gujarat_Ahmedabad,Pre-Monsoon,2016,0.2830000134417787,0.2895287,1969.5873,
Gujarat_Ahmedabad,Pre-Monsoon,2017,0.2490000118268653,0.21312357,1977.7513,81.23102272727273
Gujarat_Ahmedabad,Pre-Monsoon,2018,0.3236666820400084,1.2911412,2076.271,71.30056776556776
Gujarat_Ahmedabad,Pre-Monsoon,2019,0.227666677480253,2.0588052,2151.6392,61.97797325102881
Gujarat_Ahmedabad,Pre-Monsoon,2020,0.1990000094519928,1.5187575,2240.9138,27.042203703703706
Gujarat_Ahmedabad,Pre-Monsoon,2021,0.3240000153891742,4.200972,2062.578,43.72206349206349
Gujarat_Ahmedabad,Monsoon,2015,0.4270000202814117,0.21378788,1458.8267,40.572150997151
Gujarat_Ahmedabad,Monsoon,2016,0.4365000207326375,0.25515497,1202.1674,32.85473577235772
Gujarat_Ahmedabad,Monsoon,2017,0.5155000244849361,1.0037593,1244.256,63.814375
Gujarat_Ahmedabad,Monsoon,2018,0.4820000228937715,1.5362915,1344.5966,35.69096264367816
Gujarat_Ahmedabad,Monsoon,2019,0.58333336104018,2.8127904,1157.721,36.88787121212121
Gujarat_Ahmedabad,Monsoon,2020,0.5553333597102513,2.7543597,1176.8517,33.85678985507246
Gujarat_Ahmedabad,Monsoon,2021,0.5530000262660905,4.3781257,1233.836,28.35302442528736
Gujarat_Ahmedabad,Post-Monsoon,2015,0.38450001826277,0.16141418,2022.4578,93.93278645833334
Gujarat_Ahmedabad,Post-Monsoon,2016,0.3470000164816156,0.15020245,1285.4955,82.03054545454546
Gujarat_Ahmedabad,Post-Monsoon,2017,0.4130000196164474,0.80079377,1908.9066,74.64595833333333
Gujarat_Ahmedabad,Post-Monsoon,2018,0.401000019046478,0.7503755,2214.952,73.93083333333334
Gujarat_Ahmedabad,Post-Monsoon,2019,0.5665000269073062,1.5196271,1355.9685,47.629283625731
Gujarat_Ahmedabad,Post-Monsoon,2020,0.4175000198301859,1.2500467,1578.5006,47.09733630952381
Gujarat_Ahmedabad,Post-Monsoon,2021,0.4070000193314627,3.2255774,1339.119,45.77322916666667
Haryana_Faridabad,Winter,2015,0.772666703366364,0.20567463,898.1822,
Haryana_Faridabad,Winter,2016,0.8846667086860786,0.18045492,1014.2717,155.55513333333334
Haryana_Faridabad,Winter,2017,0.5843333610876774,0.1629069,947.1708,178.84117647058824
Haryana_Faridabad,Winter,2018,0.6493333641750118,0.906625,867.60693,116.69795454545456
Haryana_Faridabad,Winter,2019,0.647000030730851,1.1262294,997.1406,103.44753086419752
Haryana_Faridabad,Winter,2020,0.7963333711571371,0.8683133,893.31445,106.91666666666666
Haryana_Faridabad,Winter,2021,0.6406666970967004,2.0621023,983.6501,137.4017094017094
Haryana_Faridabad,Pre-Monsoon,2015,0.4943333568129067,0.24653764,2027.2643,213.72916666666663
Haryana_Faridabad,Pre-Monsoon,2016,0.5790000275010243,0.2895287,2217.609,80.42763157894737
Haryana_Faridabad,Pre-Monsoon,2017,0.5386666922519604,0.21312357,2382.2297,72.33333333333333
Haryana_Faridabad,Pre-Monsoon,2018,0.6200000294484198,1.2911412,2291.8755,61.61931818181818
Haryana_Faridabad,Pre-Monsoon,2019,0.4870000231312588,2.0588052,2466.334,61.24715909090909
Haryana_Faridabad,Pre-Monsoon,2020,0.4850000230362639,1.5187575,1843.9586,30.759920634920636
Haryana_Faridabad,Pre-Monsoon,2021,0.6020000285934657,4.200972,2339.2617,50.39457831325301
Haryana_Faridabad,Monsoon,2015,0.8305000394466333,0.21378788,1419.686,57.66363043478261
Haryana_Faridabad,Monsoon,2016,0.8370000397553667,0.25515497,1238.8403,61.83181818181818
Haryana_Faridabad,Monsoon,2017,0.7642500362999272,1.0037593,1305.1259,43.5116935483871
Haryana_Faridabad,Monsoon,2018,1.0595000503235497,1.5362915,1249.0764,55.07970289855073
Haryana_Faridabad,Monsoon,2019,0.9756667130083466,2.8127904,1409.9856,36.99927536231884
Haryana_Faridabad,Monsoon,2020,0.8723333747669434,2.7543597,1375.0848,40.02728613569321
Haryana_Faridabad,Monsoon,2021,0.942333378091765,4.3781257,1335.0342,33.64296636085626
Haryana_Faridabad,Post-Monsoon,2015,0.9005000427714549,0.16141418,1446.1699,100.51668055555557
Haryana_Faridabad,Post-Monsoon,2016,0.9235000438638964,0.15020245,1471.6776,169.77188679245282
Haryana_Faridabad,Post-Monsoon,2017,0.9920000471174716,0.80079377,1425.7185,166.61904761904762
Haryana_Faridabad,Post-Monsoon,2018,0.7875000374042429,0.7503755,1403.8563,123.25815573770493
Haryana_Faridabad,Post-Monsoon,2019,1.0910000518197194,1.5196271,1330.3143,124.01315789473684
Haryana_Faridabad,Post-Monsoon,2020,0.8150000387104228,1.2500467,1704.561,131.29741379310346
Haryana_Faridabad,Post-Monsoon,2021,0.7230000343406573,3.2255774,1119.3855,106.00402298850574
Karnataka_Bengaluru,Winter,2015,0.1836666753903652,0.34596682,1676.7397,
Karnataka_Bengaluru,Winter,2016,0.1733333415662249,0.32132915,1518.1375,53.96696047008548
Karnataka_Bengaluru,Winter,2017,0.1573333408062656,0.3028662,1621.1621,29.74360197368421
Karnataka_Bengaluru,Winter,2018,0.1890000089770183,0.7032425,1611.65,36.02025555555555
Karnataka_Bengaluru,Winter,2019,0.1866666755328575,0.716424,1731.4589,37.775806962025314
Karnataka_Bengaluru,Winter,2020,0.167666674630406,0.8373974,1531.2756,33.24467708333333
Karnataka_Bengaluru,Winter,2021,0.1923333424686764,2.0060375,1331.4562,29.304720464135023
Karnataka_Bengaluru,Pre-Monsoon,2015,0.2836666801401103,0.09963254,1860.6256,25.915168010752687
Karnataka_Bengaluru,Pre-Monsoon,2016,0.2243333439885949,0.3165773,2203.6406,42.10816358024692
Karnataka_Bengaluru,Pre-Monsoon,2017,0.3436666829899574,0.5744822,2300.6743,25.165869791666665
Karnataka_Bengaluru,Pre-Monsoon,2018,0.4196666865997637,0.8945996,1980.6257,28.15500694444444
Karnataka_Bengaluru,Pre-Monsoon,2019,0.3440000163391232,1.5960761,2406.7651,37.91161008230453
Karnataka_Bengaluru,Pre-Monsoon,2020,0.2356666778602326,0.8667384,2187.7961,27.00483333333333
Karnataka_Bengaluru,Pre-Monsoon,2021,0.3833333515406896,4.215657,2150.5835,29.98661458333333
Karnataka_Bengaluru,Monsoon,2015,,0.13325651,1285.213,25.911568396226414
Karnataka_Bengaluru,Monsoon,2016,,0.2110257,1193.5168,30.76340375586855
Karnataka_Bengaluru,Monsoon,2017,,1.9834044,1211.852,20.228031746031743
Karnataka_Bengaluru,Monsoon,2018,0.1550000073621049,2.1580174,1202.0176,23.913859034267915
Karnataka_Bengaluru,Monsoon,2019,0.4060000192839652,2.3236294,1173.8093,23.719992138364777
Karnataka_Bengaluru,Monsoon,2020,,2.1546888,1112.466,20.42988707165109
Karnataka_Bengaluru,Monsoon,2021,,4.66559,1232.85,25.07464953271029
Karnataka_Bengaluru,Post-Monsoon,2015,0.20400000968948,0.17917651,1117.4395,30.38344135802469
Karnataka_Bengaluru,Post-Monsoon,2016,0.3560000169090926,0.24674907,1785.5742,27.776155660377363
Karnataka_Bengaluru,Post-Monsoon,2017,0.4105000194977037,0.9243964,1118.4271,36.67235576923077
Karnataka_Bengaluru,Post-Monsoon,2018,0.3195000151754357,0.3091974,1421.999,29.42493710691824
Karnataka_Bengaluru,Post-Monsoon,2019,0.2790000132517889,0.71361536,1038.957,30.243009259259257
Karnataka_Bengaluru,Post-Monsoon,2020,0.3295000156504102,0.69541395,1085.5748,22.583561320754715
Karnataka_Bengaluru,Post-Monsoon,2021,,4.299059,795.1878,27.10010220125786
Maharashtra_Mumbai,Winter,2015,0.4543333549130087,0.34596682,282.5547,
Maharashtra_Mumbai,Winter,2016,0.3983333522531514,0.32132915,306.4865,
Maharashtra_Mumbai,Winter,2017,0.3920000186190009,0.3028662,188.04308,
Maharashtra_Mumbai,Winter,2018,0.534000025363639,0.7032425,209.07477,
Maharashtra_Mumbai,Winter,2019,0.4456666878346975,0.716424,288.6457,55.24156250000001
Maharashtra_Mumbai,Winter,2020,0.5210000247461721,0.8373974,303.27634,60.62791666666666
Maharashtra_Mumbai,Winter,2021,0.5330000253161415,2.0060375,211.4837,17.796307692307693
Maharashtra_Mumbai,Pre-Monsoon,2015,0.4170000198064372,0.09963254,423.70584,
Maharashtra_Mumbai,Pre-Monsoon,2016,0.3730000177165493,0.3165773,402.27383,
Maharashtra_Mumbai,Pre-Monsoon,2017,0.3706666842723886,0.5744822,389.94943,
Maharashtra_Mumbai,Pre-Monsoon,2018,0.4283333536780749,0.8945996,368.1751,21.77145833333334
Maharashtra_Mumbai,Pre-Monsoon,2019,0.3593333504007508,1.5960761,354.02615,24.127628205128207
Maharashtra_Mumbai,Pre-Monsoon,2020,0.3196666818500186,0.8667384,402.24893,30.195916666666676
Maharashtra_Mumbai,Pre-Monsoon,2021,0.4620000219438225,4.215657,389.26636,42.91501700680273
Maharashtra_Mumbai,Monsoon,2015,0.339000016101636,0.13325651,638.0516,
Maharashtra_Mumbai,Monsoon,2016,0.1550000073621049,0.2110257,639.4275,
Maharashtra_Mumbai,Monsoon,2017,,1.9834044,617.8361,
Maharashtra_Mumbai,Monsoon,2018,0.5250000249361619,2.1580174,660.37836,19.34591121495327
Maharashtra_Mumbai,Monsoon,2019,0.4970000236062333,2.3236294,619.63196,21.69135030864197
Maharashtra_Mumbai,Monsoon,2020,,2.1546888,583.15765,8.083704545454546
Maharashtra_Mumbai,Monsoon,2021,,4.66559,622.54895,43.69405115511552
Maharashtra_Mumbai,Post-Monsoon,2015,0.5680000269785523,0.17917651,291.5504,
Maharashtra_Mumbai,Post-Monsoon,2016,0.3320000157691538,0.24674907,229.65892,
Maharashtra_Mumbai,Post-Monsoon,2017,0.4340000206138938,0.9243964,307.3299,
Maharashtra_Mumbai,Post-Monsoon,2018,0.5375000255298801,0.3091974,202.34572,46.0316369047619
Maharashtra_Mumbai,Post-Monsoon,2019,0.4940000234637409,0.71361536,386.5512,46.02063725490196
Maharashtra_Mumbai,Post-Monsoon,2020,0.399000018951483,0.69541395,336.59464,27.20537735849057
Maharashtra_Mumbai,Post-Monsoon,2021,0.4905000232974998,4.299059,319.05377,38.70521739130435
Maharashtra_Pune,Winter,2015,0.4110000195214525,0.34596682,1744.9686,
Maharashtra_Pune,Winter,2016,0.3536666834649319,0.32132915,1770.5675,67.87096296296296
Maharashtra_Pune,Winter,2017,0.3383333494033043,0.3028662,1689.2574,33.73486111111111
Maharashtra_Pune,Winter,2018,0.4880000231787562,0.7032425,1867.9453,
Maharashtra_Pune,Winter,2019,0.4023333524431412,0.716424,1791.0383,58.634143678160925
Maharashtra_Pune,Winter,2020,0.4360000207088887,0.8373974,1671.4346,61.382444444444445
Maharashtra_Pune,Winter,2021,0.545000025886111,2.0060375,1656.8113,32.942371485943774
Maharashtra_Pune,Pre-Monsoon,2015,0.3846666849373529,0.09963254,2200.5215,
Maharashtra_Pune,Pre-Monsoon,2016,0.3646666839874039,0.3165773,2181.0913,50.00106227106227
Maharashtra_Pune,Pre-Monsoon,2017,0.3666666840823988,0.5744822,2432.5664,42.8552380952381
Maharashtra_Pune,Pre-Monsoon,2018,0.4316666871697331,0.8945996,2426.623,
Maharashtra_Pune,Pre-Monsoon,2019,0.3186666818025211,1.5960761,2500.8347,44.50099431818182
Maharashtra_Pune,Pre-Monsoon,2020,0.3163333483583604,0.8667384,2265.5627,56.592092391304334
Maharashtra_Pune,Pre-Monsoon,2021,0.4790000227512792,4.215657,2523.723,30.061656862745096
Maharashtra_Pune,Monsoon,2015,0.297000014106743,0.13325651,922.1242,51.56624595469256
Maharashtra_Pune,Monsoon,2016,0.3860000183340162,0.2110257,796.98944,25.89709016393443
Maharashtra_Pune,Monsoon,2017,0.5000000237487257,1.9834044,824.51355,30.412782485875717
Maharashtra_Pune,Monsoon,2018,0.5720000271685421,2.1580174,853.55176,30.941926605504587
Maharashtra_Pune,Monsoon,2019,0.4980000236537307,2.3236294,841.3275,26.784008264462813
Maharashtra_Pune,Monsoon,2020,,2.1546888,732.32733,16.251269113149846
Maharashtra_Pune,Monsoon,2021,,4.66559,765.1494,19.438125000000003
Maharashtra_Pune,Post-Monsoon,2015,0.5200000246986747,0.17917651,1775.2595,78.02211111111112
Maharashtra_Pune,Post-Monsoon,2016,0.4020000190939754,0.24674907,1386.0021,62.32448087431694
Maharashtra_Pune,Post-Monsoon,2017,0.4575000217300839,0.9243964,1489.5592,33.33567375886525
Maharashtra_Pune,Post-Monsoon,2018,0.4620000219438225,0.3091974,1831.683,50.29425
Maharashtra_Pune,Post-Monsoon,2019,0.4765000226325355,0.71361536,1067.2717,38.322245762711866
Maharashtra_Pune,Post-Monsoon,2020,0.4380000208038836,0.69541395,1169.1116,34.18232539682539
Maharashtra_Pune,Post-Monsoon,2021,0.4435000210651196,4.299059,1283.993,39.47272108843537
Tamil_Nadu_Chennai,Winter,2015,0.3370000160066411,0.2162221,870.11865,
Tamil_Nadu_Chennai,Winter,2016,0.3400000161491334,0.19462146,810.32794,44.80509375
Tamil_Nadu_Chennai,Winter,2017,0.5170000245561823,0.17536414,832.2159,61.38075810185186
Tamil_Nadu_Chennai,Winter,2018,0.4216666866947586,0.4234004,847.4956,65.11263725490194
Tamil_Nadu_Chennai,Winter,2019,0.401000019046478,0.40671763,776.17053,60.221646341463405
Tamil_Nadu_Chennai,Winter,2020,0.3755000178352929,0.41118082,793.0236,39.337359437751005
Tamil_Nadu_Chennai,Winter,2021,0.4040000191889703,0.57032555,880.96466,37.1866369047619
Tamil_Nadu_Chennai,Pre-Monsoon,2015,0.4066666859822969,0.19739276,689.36597,82.35959027777777
Tamil_Nadu_Chennai,Pre-Monsoon,2016,0.317000015056692,0.2668903,673.4409,53.1355603448276
Tamil_Nadu_Chennai,Pre-Monsoon,2017,0.4703333556729679,0.1534443,523.7914,94.33170542635658
Tamil_Nadu_Chennai,Pre-Monsoon,2018,0.4863333564329271,0.59697205,561.0042,48.08185294117648
Tamil_Nadu_Chennai,Pre-Monsoon,2019,0.3486666832274447,0.91274124,489.58667,57.151725490196085
Tamil_Nadu_Chennai,Pre-Monsoon,2020,0.3423333495932941,0.7456297,645.3741,23.18205357142857
Tamil_Nadu_Chennai,Pre-Monsoon,2021,0.4536666882146771,1.6435665,610.988,22.30927941176471
Tamil_Nadu_Chennai,Monsoon,2015,0.5690000270260498,0.24563971,1095.6509,61.539136363636366
Tamil_Nadu_Chennai,Monsoon,2016,0.4930000234162435,0.2566346,1019.3545,24.342938144329896
Tamil_Nadu_Chennai,Monsoon,2017,0.5300000251736492,0.66081405,938.3121,56.43373470948011
Tamil_Nadu_Chennai,Monsoon,2018,0.4770000226562843,0.96065253,1085.9626,55.72386618589744
Tamil_Nadu_Chennai,Monsoon,2019,0.3650000173365697,1.5725316,930.6057,49.60132507507508
Tamil_Nadu_Chennai,Monsoon,2020,0.5360000254586339,1.301753,843.3974,34.35059151785715
Tamil_Nadu_Chennai,Monsoon,2021,0.4040000191889703,2.0446916,1016.4066,19.216891891891887
Tamil_Nadu_Chennai,Post-Monsoon,2015,0.266000012634322,0.18425114,703.922,34.23640350877193
Tamil_Nadu_Chennai,Post-Monsoon,2016,0.6805000323220156,0.22312063,838.4174,56.30573830409357
Tamil_Nadu_Chennai,Post-Monsoon,2017,0.4125000195926986,0.42570323,694.1817,43.97720029239766
Tamil_Nadu_Chennai,Post-Monsoon,2018,0.3995000189752318,0.5000367,764.9334,52.83811363636364
Tamil_Nadu_Chennai,Post-Monsoon,2019,0.8470000402303413,0.40269756,647.41864,41.79751461988304
Tamil_Nadu_Chennai,Post-Monsoon,2020,0.5420000257436186,0.48732936,746.9016,36.13184210526315
Tamil_Nadu_Chennai,Post-Monsoon,2021,,1.2865413,635.88947,17.716557017543863
Telangana_Hyderabad,Winter,2015,0.2046666763878117,0.33405995,1625.4741,
Telangana_Hyderabad,Winter,2016,0.2710000128718093,0.31986034,1999.5317,91.42724683544304
Telangana_Hyderabad,Winter,2017,0.2510000119218603,0.3113185,1650.9341,51.977083333333326
Telangana_Hyderabad,Winter,2018,0.3430000162916258,0.5553821,1782.4944,57.3892156862745
Telangana_Hyderabad,Winter,2019,0.3106666814225415,0.4353517,1639.2028,63.35
Telangana_Hyderabad,Winter,2020,0.3210000152466818,0.58508044,1491.8745,55.5168776371308
Telangana_Hyderabad,Winter,2021,0.3470000164816156,1.5220672,1645.5371,53.75449438202247
Telangana_Hyderabad,Pre-Monsoon,2015,0.3240000153891742,0.18443035,2286.2441,45.845454545454544
Telangana_Hyderabad,Pre-Monsoon,2016,0.2593333456510057,0.32511917,2702.3062,53.17683823529412
Telangana_Hyderabad,Pre-Monsoon,2017,0.3363333493083094,0.27337804,2846.5024,39.743975903614455
Telangana_Hyderabad,Pre-Monsoon,2018,0.5116666909695292,0.6466901,2733.824,48.55898876404494
Telangana_Hyderabad,Pre-Monsoon,2019,0.2730000129668042,1.497763,2924.5154,41.77906976744186
Telangana_Hyderabad,Pre-Monsoon,2020,0.3836666848898555,0.8244851,2422.9712,32.231617647058826
Telangana_Hyderabad,Pre-Monsoon,2021,0.5810000275960192,4.0547447,2588.0867,40.68
Telangana_Hyderabad,Monsoon,2015,0.7370000350056216,0.13723192,1417.8934,56.144217391304345
Telangana_Hyderabad,Monsoon,2016,,0.18188502,1064.8682,72.73426229508198
Telangana_Hyderabad,Monsoon,2017,,1.0118178,1088.743,23.858695652173918
Telangana_Hyderabad,Monsoon,2018,0.6010000285459682,1.5613121,1250.6068,24.215857605177995
Telangana_Hyderabad,Monsoon,2019,0.4260000202339142,2.7079272,1243.2074,23.13
Telangana_Hyderabad,Monsoon,2020,,2.2084534,1047.2152,11.474137931034482
Telangana_Hyderabad,Monsoon,2021,,,1094.4878,19.35811965811966
Telangana_Hyderabad,Post-Monsoon,2015,0.4020000190939754,0.25502098,1900.4272,162.26818965517242
Telangana_Hyderabad,Post-Monsoon,2016,0.3570000169565901,0.24754351,1476.6462,43.61111111111112
Telangana_Hyderabad,Post-Monsoon,2017,0.421000019996427,0.5452921,1411.1721,44.90714285714286
Telangana_Hyderabad,Post-Monsoon,2018,0.3655000173603184,0.447549,1726.8868,45.70086206896552
Telangana_Hyderabad,Post-Monsoon,2019,0.4790000227512792,1.162839,1048.0405,51.74561403508772
Telangana_Hyderabad,Post-Monsoon,2020,0.5135000243899412,0.4206982,1241.0448,37.49180327868852
Telangana_Hyderabad,Post-Monsoon,2021,0.5440000258386135,2.8923075,1236.3622,36.02442528735632
UP_Agra,Winter,2015,0.7366667016564558,0.19629127,916.7272,
UP_Agra,Winter,2016,0.7070000335806981,0.18679215,1006.39056,138.88413793103447
UP_Agra,Winter,2017,0.5873333612301698,0.16198392,892.1111,160.50852272727272
UP_Agra,Winter,2018,0.5970000283559784,0.608819,841.7956,137.81298449612402
UP_Agra,Winter,2019,0.7103333670723563,0.6109915,917.1222,113.66388888888888
UP_Agra,Winter,2020,0.7500000356230885,0.6501996,885.1096,69.95535714285714
UP_Agra,Winter,2021,0.6293333632250627,1.4045858,835.3775,103.12592592592593
UP_Agra,Pre-Monsoon,2015,0.5910000280709937,0.32206258,2202.4746,45.10714285714285
UP_Agra,Pre-Monsoon,2016,0.690666699471573,0.38197812,2137.551,82.1119776119403
UP_Agra,Pre-Monsoon,2017,0.5676666936293865,0.27727583,2043.9292,78.05459770114942
UP_Agra,Pre-Monsoon,2018,0.6620000314433128,1.6516867,2106.9685,52.99305555555555
UP_Agra,Pre-Monsoon,2019,0.4906666899720828,2.1440942,2166.194,50.44814814814814
UP_Agra,Pre-Monsoon,2020,0.4853333563854297,1.8496174,2116.0347,38.5749063670412
UP_Agra,Pre-Monsoon,2021,0.6593333646499863,3.7373347,1954.0875,59.99603174603174
UP_Agra,Monsoon,2015,0.8227500390785281,0.28247944,1513.3873,71.30167355371901
UP_Agra,Monsoon,2016,0.8605000408715568,0.28566822,1214.6091,45.177295751633984
UP_Agra,Monsoon,2017,0.8060000382829458,0.5072621,1342.992,58.250186915887845
UP_Agra,Monsoon,2018,1.00966671462326,1.0452317,1212.4172,37.72270114942529
UP_Agra,Monsoon,2019,1.1183333864513163,2.6444774,1264.9417,42.52901785714285
UP_Agra,Monsoon,2020,1.0236667152882244,2.4777865,1420.4288,37.96008403361345
UP_Agra,Monsoon,2021,1.0070000478299337,3.8918898,1375.5757,31.315677966101696
UP_Agra,Post-Monsoon,2015,0.8140000386629254,0.19640212,1730.0042,113.14012711864406
UP_Agra,Post-Monsoon,2016,0.9380000445526092,0.18876421,1625.1058,120.6967213114754
UP_Agra,Post-Monsoon,2017,0.8660000411327928,0.677734,1777.5433,127.0589430894309
UP_Agra,Post-Monsoon,2018,0.7260000344831496,0.5272352,1334.0941,86.91522988505749
UP_Agra,Post-Monsoon,2019,1.039000049349852,0.9575391,1247.7518,56.32923497267759
UP_Agra,Post-Monsoon,2020,0.8940000424627215,0.99934304,1569.8545,101.90846994535518
UP_Agra,Post-Monsoon,2021,0.8470000402303413,3.3047051,1137.8302,86.25877192982456
UP_Kanpur,Winter,2015,0.9393333779492726,0.23077027,930.5845,
UP_Kanpur,Winter,2016,0.8166667054562519,0.18987279,1143.3387,146.58333333333334
UP_Kanpur,Winter,2017,0.8006667046962926,0.16732828,1012.1267,181.29425925925923
UP_Kanpur,Winter,2018,0.678000032203272,0.5911909,920.1117,141.8998127340824
UP_Kanpur,Winter,2019,0.741666701893943,0.6184477,1055.1615,111.62547892720306
UP_Kanpur,Winter,2020,0.8700000413227826,0.70458823,958.90674,111.47527472527472
UP_Kanpur,Winter,2021,0.7753333701596906,1.5944939,970.17084,130.03352490421454
UP_Kanpur,Pre-Monsoon,2015,0.4133333529656132,0.33881435,2062.6748,74.7625
UP_Kanpur,Pre-Monsoon,2016,0.552333359567759,0.3881332,2236.3367,137.99173333333334
UP_Kanpur,Pre-Monsoon,2017,0.4390000208513811,0.29371688,2249.4758,105.7414678030303
UP_Kanpur,Pre-Monsoon,2018,0.5180000246036798,1.3823805,2102.358,52.47685185185185
UP_Kanpur,Pre-Monsoon,2019,0.3453333497357865,2.0578606,2392.5913,43.59325396825396
UP_Kanpur,Pre-Monsoon,2020,0.4056666859347994,1.7079939,2204.1553,37.22985347985348
UP_Kanpur,Pre-Monsoon,2021,0.5083333574778711,4.004448,2265.5796,42.494505494505496
UP_Kanpur,Monsoon,2015,0.458250021765707,0.27436632,1503.7872,41.31967213114754
UP_Kanpur,Monsoon,2016,0.5255000249599107,0.27797806,1119.7554,81.60275423728814
UP_Kanpur,Monsoon,2017,0.5755000273347832,0.84433484,1232.6189,58.426028037383176
UP_Kanpur,Monsoon,2018,0.7766667035563538,1.2817848,1252.1177,39.50819672131148
UP_Kanpur,Monsoon,2019,0.7200000341981649,2.7770193,1186.81,28.36039886039886
UP_Kanpur,Monsoon,2020,0.579500027524773,2.279224,1081.5386,28.85169491525424
UP_Kanpur,Monsoon,2021,0.8030000381404534,4.6581197,1204.6162,29.192837465564736
UP_Kanpur,Post-Monsoon,2015,0.7470000354805961,0.2101202,1672.1786,124.71254166666668
UP_Kanpur,Post-Monsoon,2016,0.7755000368342735,0.17763364,1399.5061,134.8081918238994
UP_Kanpur,Post-Monsoon,2017,0.8500000403728336,0.61090374,1396.75,138.59366161616165
UP_Kanpur,Post-Monsoon,2018,0.6800000322982669,0.5700029,1913.7126,102.8966049382716
UP_Kanpur,Post-Monsoon,2019,0.934500044386368,0.8880664,1251.3079,126.41815476190476
UP_Kanpur,Post-Monsoon,2020,0.7845000372617505,0.75539845,1528.0529,90.4071038251366
UP_Kanpur,Post-Monsoon,2021,0.6975000331294723,3.426097,1120.419,76.85277777777777
UP_Lucknow,Winter,2015,0.9393333779492726,0.23234768,931.0865,
UP_Lucknow,Winter,2016,0.8166667054562519,0.2117563,1155.6179,176.57674908424912
UP_Lucknow,Winter,2017,0.8006667046962926,0.19262297,1059.318,161.78427314814817
UP_Lucknow,Winter,2018,0.678000032203272,0.777662,971.79095,181.27204501915708
UP_Lucknow,Winter,2019,0.741666701893943,0.7335112,1050.6624,120.32800925925926
UP_Lucknow,Winter,2020,0.8700000413227826,0.79109615,939.3961,116.36148504273504
UP_Lucknow,Winter,2021,0.7753333701596906,1.7462696,1026.5164,143.9172685185185
UP_Lucknow,Pre-Monsoon,2015,0.4133333529656132,0.28831565,1985.1593,54.01471283783784
UP_Lucknow,Pre-Monsoon,2016,0.552333359567759,0.36277533,2167.8164,98.44363247863248
UP_Lucknow,Pre-Monsoon,2017,0.4390000208513811,0.21846874,2113.5022,96.55966938405798
UP_Lucknow,Pre-Monsoon,2018,0.5180000246036798,1.2146796,2249.1875,105.19000957854404
UP_Lucknow,Pre-Monsoon,2019,0.3453333497357865,1.7424121,2427.359,92.33993659420292
UP_Lucknow,Pre-Monsoon,2020,0.4056666859347994,1.4244229,1902.4594,50.31081521739131
UP_Lucknow,Pre-Monsoon,2021,0.5083333574778711,4.062028,2260.552,67.15711956521739
UP_Lucknow,Monsoon,2015,0.458250021765707,0.28368217,1373.9429,44.26807851239669
UP_Lucknow,Monsoon,2016,0.5255000249599107,0.2543452,1064.7499,47.06473623853211
UP_Lucknow,Monsoon,2017,0.5755000273347832,0.5416137,1228.1223,49.64772951977402
UP_Lucknow,Monsoon,2018,0.7766667035563538,1.5481592,1221.0686,56.3632443019943
UP_Lucknow,Monsoon,2019,0.7200000341981649,2.673314,1185.1083,41.84767759562842
UP_Lucknow,Monsoon,2020,0.579500027524773,2.1176827,984.9706,44.162086776859496
UP_Lucknow,Monsoon,2021,0.8030000381404534,3.4890788,1055.8143,32.39913934426229
UP_Lucknow,Post-Monsoon,2015,0.7470000354805961,0.19693853,1531.8057,147.12285519125683
UP_Lucknow,Post-Monsoon,2016,0.7755000368342735,0.18991818,1348.2582,153.01164583333335
UP_Lucknow,Post-Monsoon,2017,0.8500000403728336,0.6071143,1417.4482,167.7649726775956
UP_Lucknow,Post-Monsoon,2018,0.6800000322982669,0.54873115,1835.0261,115.4229348816029
UP_Lucknow,Post-Monsoon,2019,0.934500044386368,0.81327784,1228.4349,117.72700136612022
UP_Lucknow,Post-Monsoon,2020,0.7845000372617505,0.6740006,1519.3025,107.14769808743168
UP_Lucknow,Post-Monsoon,2021,0.6975000331294723,3.2009811,1137.1241,74.71901183970857
